gmm_posterior_0,gmm_posterior_1,gmm_posterior_2
0.004931951560424348,2.1926851176073615e-22,0.9950680484395757
3.6179451966723664e-58,4.0514528367035154e-33,1.0
0.9990330895268147,0.0,0.000966910473186416
0.12209782286364042,1.3619842971345211e-05,0.8778885572933899
2.652480901484701e-139,4.401277270349504e-36,1.0
1.534603587264511e-11,5.185498571658612e-32,0.9999999999846558
5.299877413222919e-14,6.417060346071042e-45,0.9999999999999467
9.321852146661855e-57,1.1384599604992022e-05,0.9999886154003939
4.7340169631090724e-27,2.9245566836060686e-14,0.9999999999999716
8.57814077593695e-166,2.802755365161988e-77,1.0
6.711127856075928e-244,2.2195012833249647e-52,1.0
1.0787244450020672e-62,8.646851908811405e-20,1.0
4.810227972484131e-29,4.336263446879752e-16,1.0
2.051564274915074e-96,1.2252403109730523e-27,1.0
1.221080335684332e-58,1.195941511947498e-59,1.0
1.3791385481801908e-28,1.2344500271251145e-23,1.0
3.80446239307e-312,2.474525483870675e-74,1.0
5.618832689379112e-28,7.12192014798561e-45,1.0
0.0,2.6221609312856334e-86,1.0
0.0004926871239272632,9.880146838377632e-26,0.9995073128760723
8.279966527577926e-10,1.5630211067516867e-40,0.9999999991720046
9.883767527658481e-12,2.726778853171163e-23,0.9999999999901164
0.9999394797584811,1.7859198409857592e-53,6.05202415190932e-05
0.9999999706333313,7.398786650375098e-10,2.862679081593168e-08
3.801053956030471e-54,7.503160908541621e-05,0.9999249683909139
0.9999762854169966,1.348797591599231e-39,2.3714583002859897e-05
0.9999999744906137,1.5122456031837023e-30,2.5509386980637046e-08
2.85904790349e-312,3.56390882973344e-50,1.0
0.9999948840825591,2.6471013332869227e-143,5.115917439196326e-06
5.088155724902158e-05,0.9999491179037516,5.389993500726538e-10
6.04268481376478e-21,1.785676571679322e-69,1.0
6.628596179793154e-26,1.5493686545326466e-09,0.9999999984506331
8.143799119238797e-08,0.9999999185620074,6.943025558765727e-16
0.0,1.3613781723480843e-93,1.0
4.0135484136993105e-10,8.678028571687009e-05,0.9999132193129282
0.9999999913368853,1.0030576791965749e-138,8.663114237045614e-09
8.182808086360593e-77,7.122268534450012e-10,0.9999999992877733
6.878979191839365e-20,0.9999998299835904,1.7001641011112496e-07
1.0008607916062067e-85,2.179872656414614e-06,0.9999978201273434
0.0,7.195879461253274e-277,1.0
0.9999993309225435,2.0366080760720657e-145,6.690774569759103e-07
1.0353490326296913e-05,0.9999810566778232,8.589831850119371e-06
0.0,5.717419292003796e-78,1.0
2.5765252119763974e-133,3.6006905183228405e-19,1.0
2.5039349164536607e-16,0.9999999983782448,1.621755345046153e-09
2.0846183881042045e-20,0.9931586145378422,0.006841385462157673
1.4786319486843455e-09,0.9999999976103311,9.110366032349423e-10
1.2508036202890398e-12,0.9996186458863741,0.00038135411237518856
2.4973693543352167e-06,0.9999975026303831,2.624415264687114e-13
2.193129559266558e-08,0.9999999778279529,2.407518483114765e-10
4.186006952660204e-11,0.9999982701852557,1.7297728839689944e-06
0.9999993722794062,3.210903127976495e-39,6.277205942709478e-07
1.4450873224090638e-74,1.4230612321063627e-23,1.0
2.5696483170919867e-155,8.832683418856314e-163,1.0
0.9999999999633449,9.552406811126991e-38,3.665444983416627e-11
0.0,0.0,1.0
2.0517645915327782e-39,0.9989025729813691,0.0010974270186314865
1.0248636415248423e-253,4.7069591233313744e-54,1.0
1.784271914043077e-08,0.9999999804797215,1.6775589890043487e-09
2.5607220539141675e-08,0.9999989535236682,1.0208691111133467e-06
1.7723733017371852e-35,0.9910701294987133,0.008929870501287346
3.298712748927505e-09,7.408741779256764e-05,0.9999259092834952
1.2574020145566761e-17,0.9999999713439398,2.8656060823547216e-08
0.9999255353788526,2.922532965314399e-20,7.446462114793274e-05
1.4894616947707495e-22,0.999999489891485,5.10108514987555e-07
1.3775857826573584e-11,9.924129834540881e-74,0.9999999999862226
1.0287504681521616e-37,0.995734546909296,0.004265453090705456
0.9999507954290251,6.344173781687714e-35,4.9204570974620176e-05
2.589310161378105e-13,0.9999999999964011,3.340495794598272e-12
0.0,2.723802807885909e-70,1.0
7.662161576991822e-08,4.614948184712515e-47,0.9999999233783854
6.718184967665835e-69,2.3468218149090217e-10,0.9999999997653184
2.8293554993463103e-06,0.9999912342120936,5.936432407068765e-06
4.516970548850768e-07,0.9999760056036964,2.3542699247831867e-05
2.5350539146005117e-12,0.9999999813372578,1.8660207375749453e-08
1.480682449074206e-290,5.930146873209221e-112,1.0
0.9787139691713542,1.0203269046736582e-43,0.021286030828644373
6.7983402868013996e-12,0.9999999999911644,2.03707702676037e-12
2.5972375838552538e-30,0.9999971781084555,2.821891544629348e-06
7.108897397597144e-23,0.9999956256133891,4.374386610339933e-06
4.011011966412564e-32,1.4386932778517746e-41,1.0
2.9772686604099813e-41,0.007085691486281358,0.9929143085137184
0.0,2.396252580422456e-65,1.0
4.772167830648596e-10,0.999939008825672,6.09906971119408e-05
2.50708874672558e-78,1.3471316115014724e-67,1.0
1.0,3.720605301706319e-32,3.2189356340685397e-18
0.00010954244096836321,6.358676453528245e-12,0.9998904575526721
0.999999883507719,2.5355392585409045e-36,1.1649228077688559e-07
0.9999999982095957,3.085054848172696e-42,1.7904047006944115e-09
2.043425532918256e-10,0.9999877769267401,1.2222868916398588e-05
0.9999999942923345,1.1102988337206917e-62,5.70766603484108e-09
2.2328323186369253e-28,1.0073053799901262e-41,1.0
7.716921018504354e-20,0.9999915745781134,8.425421886828427e-06
3.423380103794872e-08,0.9999999653309543,4.3524401725944476e-10
3.14526103013639e-16,0.9999656032668771,3.4396733123146264e-05
3.4541169705882426e-08,0.9999999651175729,3.41258080877464e-10
3.383069034251831e-61,1.9629466915155866e-08,0.9999999803705324
2.3581031241522584e-84,3.7435178810905684e-26,1.0
0.9999999969051387,1.24021849865005e-33,3.0948614736987575e-09
4.9168969013626204e-05,0.9999506637910293,1.6723995657318326e-07
0.009456202556393224,0.9903822127199562,0.00016158472364909184
0.0005875653815503994,3.795505816340572e-42,0.9994124346184483
2.8641916241154402e-08,0.9999999713580618,2.1404252464857616e-14
0.9999999999999893,7.136862558718395e-40,1.1219363578631615e-14
0.9999972457619557,2.798887866153727e-58,2.7542380427871206e-06
1.6699680488809606e-17,0.9998272445446985,0.0001727554553007509
2.7817274847145655e-18,0.8333805346310872,0.16661946536891176
3.00701071594007e-90,6.431469761137844e-13,0.999999999999357
1.7155962021856038e-05,0.9999828440379777,3.4035815581219602e-18
2.578619032940327e-35,2.935260393476638e-220,1.0
1.6374335483833585e-10,0.9999999998362554,7.242967641736766e-16
6.24784492546864e-89,4.680269079755474e-106,1.0
1.0,1.6082220603606975e-48,1.530385723280685e-17
0.9999999999132996,6.973134951245858e-19,8.670070566002606e-11
8.445362787870555e-29,0.9988179290486173,0.001182070951383686
0.0,1.2597462984074204e-144,1.0
6.521721579509528e-05,0.9999347670596596,1.57245446064939e-08
0.9999999999320561,2.527758976967676e-43,6.794330490716471e-11
1.4700631694254762e-13,0.999847037441313,0.00015296255854099224
2.3889460262183375e-114,4.301406460727599e-55,1.0
2.3357317084287462e-06,1.1041155213541256e-48,0.9999976642682917
6.538513299954851e-06,0.9999934614867007,1.7841140602579903e-17
0.0,4.178505442049909e-59,1.0
5.748015398203783e-07,0.9999584385593593,4.0986639100672466e-05
0.999999999999952,1.2277022975554676e-126,4.742295041390324e-14
1.2483616428048399e-15,2.8242948593372247e-33,1.0
0.0,1.750969201010531e-114,1.0
8.462904357525094e-52,1.986821364403573e-119,1.0
3.291039378835842e-119,8.73109061664165e-15,0.9999999999999929
2.820518580704783e-19,0.9999609170558703,3.908294412998261e-05
0.0004813022678078108,8.145999809058926e-54,0.999518697732194
4.1657097394459894e-245,2.0639875535810826e-38,1.0
2.8795213673734505e-08,0.9999999129474697,5.825731668112757e-08
0.0,4.9415837342376796e-191,1.0
4.435138027201635e-248,2.9905609969160014e-64,1.0
4.3577580249500067e-13,1.1241330473015176e-22,0.999999999999563
4.868692454488805e-12,0.9999993139867528,6.860083791364831e-07
3.5093317477684474e-158,3.313435811042981e-19,1.0
3.467905841778022e-108,3.020301690324964e-50,1.0
0.00016938084105573966,0.9998306191589444,2.640659297061734e-22
0.00015691518682724268,2.7905771601144126e-41,0.9998430848131714
4.362063409175198e-155,2.9134635787094777e-21,1.0
3.155445470982818e-36,0.9999471435695091,5.285643048934369e-05
1.7148287119391862e-17,0.9986877227679501,0.001312277232049555
2.2701870908046086e-15,2.4783363898333268e-80,0.9999999999999964
7.391267462732334e-69,4.120374760011277e-08,0.9999999587962529
1.2096224109476583e-243,4.0147986122220714e-84,1.0
5.396119265328255e-12,2.404929399291581e-140,0.9999999999946034
1.0,8.741026582622231e-34,6.8323067314113e-47
1.156258612063285e-59,8.195468771224031e-05,0.9999180453122881
1.0,4.4779354584861555e-303,3.8102571697256186e-28
1.0,4.292340901810834e-59,4.141510931628335e-24
4.69855139809559e-21,1.0,2.0869624973497822e-81
1.0,4.1795599879621554e-33,4.860178511000206e-80
3.372262071951965e-06,0.9999966277379286,3.877032316705969e-20
1.0,7.86e-322,1.6560790741003962e-31
0.00018395702059966553,0.9998160429794,2.527992566166966e-55
0.0,2.651439237072649e-62,1.0
1.0,3.8352607778857245e-130,1.0949856408229462e-35
1.1032089903431508e-12,7.286636604445285e-135,0.9999999999988987
8.723968071094857e-07,0.9999991275157254,8.746700956820407e-11
1.0,3.8216074971954963e-66,5.517166172229998e-36
1.0,9.444888841033073e-292,2.727759004193224e-35
1.947288497893546e-289,3.681306031677437e-107,1.0
9.982993370071613e-07,0.9999990017006626,3.743074286769548e-17
8.068229380903538e-22,1.0,1.3961797664088724e-22
4.339714166351286e-08,0.999999956602859,1.2259490400721711e-44
0.0008793174491719074,0.9991206825508283,2.9051812758640643e-16
7.751471147077343e-05,0.9999224843971432,8.913864886003611e-10
4.0743833304222283e-07,0.9999995925616676,2.503879293277064e-17
1.1866514087389694e-07,0.9999998813348582,1.374162753643107e-17
2.490131917343805e-19,0.9957036068185754,0.004296393181423499
5.3954248212572885e-08,0.9999999460457524,2.17872127565085e-56
0.003971479483621477,0.9960285205163781,1.586987724513172e-85
2.2364933599316402e-09,0.9999999977635063,4.818239186329517e-62
1.0300432061177515e-17,1.0,1.0369130092599497e-54
1.0,1.8438327868539012e-47,1.2491503670250246e-52
1.7002891651611484e-95,4.14918128882978e-19,1.0
4.163519671541486e-07,0.9999995836480334,8.008436642758664e-32
0.0,0.0,1.0
1.0,3.623088440082896e-134,6.0070438649919136e-33
1.2393182668441862e-06,0.999998760681733,1.5734713503722897e-44
1.7104619672108983e-05,0.9999827365062001,1.588741287607502e-07
0.9997585774661084,2.3640978606584067e-45,0.00024142253389214673
0.9999993398639612,4.013501808540868e-23,6.601360394893082e-07
1.0,1.6626233376483198e-38,2.675154020946634e-20
0.0043521432129267614,0.9956478567870742,6.45030498889585e-30
0.999999999999968,3.622444083836467e-36,3.292713391931702e-14
8.022046040158608e-05,0.9999197795395977,3.3599835592293906e-74
1.0,6.482642526191176e-63,7.436884750521944e-62
1.0,1.364361404935123e-131,6.475543099492903e-30
1.0907812425989084e-08,0.9999999890921868,1.507152891024895e-48
2.1535533282113212e-13,0.9366265462720007,0.0633734537277834
3.697246071114798e-133,2.169361982212602e-30,1.0
1.0,8.36306514960241e-43,2.899700439247782e-68
1.0771550314293584e-16,1.0,1.7668730578597033e-79
1.0,5.011750768700027e-50,1.0380240882416065e-29
4.531422970977073e-05,0.9999546857352972,3.499378849814873e-11
2.042958909606018e-13,0.9999236913394992,7.630866029655202e-05
0.9999492886306947,4.758908390400995e-11,5.071132171622566e-05
1.0,1.2843352609116192e-52,1.7291965949815465e-44
1.7544908253239904e-07,0.9999998245509184,7.196753606978666e-54
0.0003676358929940238,0.9996322908474895,7.325951664717751e-08
0.0005693341999137335,0.9994210773576414,9.588442444638088e-06
4.6994338813499864e-05,0.9999530056611866,4.1946991027309857e-51
0.0064039452424060755,1.1836678918554561e-51,0.9935960547575923
4.423318508742928e-114,1.764324911253926e-21,1.0
2.2155708274332018e-23,7.687090278386556e-10,0.9999999992312922
8.164943327866382e-05,0.9999183505656445,1.0765921966750498e-12
0.0,5.882785784691238e-59,1.0
1.0,1.317855626404369e-55,1.1169902044376974e-46
1.7937118428363918e-14,1.1687625191252577e-135,0.9999999999999822
0.9999999999828173,1.718228877349231e-11,4.0671704282392596e-39
0.0,7.3910670566589645e-115,1.0
1.0360160517436046e-21,1.0,1.8231041397173692e-31
7.613859309444193e-11,0.9999999999238618,3.688470804078899e-16
0.00010876018286157419,0.9998713092311807,1.99305859577629e-05
5.790801492577967e-06,0.9999941551209605,5.40775469565718e-08
0.0001502921817158685,0.9998497078099671,8.316726121969433e-12
1.0181573965176183e-33,0.9999999993369499,6.63050128356552e-10
0.9970290721876719,2.2952533274792875e-22,0.0029709278123290616
0.059282074659629196,0.9407179253403705,1.7209872549409814e-40
0.9999999999887166,5.555210804428631e-37,1.1283203239653053e-11
0.0,8.09577401781355e-162,1.0
4.5287718543605795e-66,1.4991729582971089e-46,1.0
0.999999999762597,2.3720087120843226e-10,2.0287562992593614e-13
4.657087695533189e-18,0.999999970953843,2.9046157427142937e-08
9.034641933166106e-11,0.9999999999096545,3.2297927840950553e-97
1.0,1.4064512405438105e-44,7.89000094817778e-68
0.0001222874880005601,0.9998777125119986,4.825461762922787e-19
0.9999999938728799,2.3718523489348785e-40,6.127119766544278e-09
9.081951651059974e-22,1.0,3.982369363982185e-37
9.057677521286801e-26,0.9999999999999982,1.3692430820308764e-15
2.5275790635235426e-58,6.458222674155436e-14,0.999999999999936
0.0,0.0,1.0
0.9999999999947136,7.377477461711523e-29,5.285583962201442e-12
7.323267081326552e-06,0.9999926767329186,5.759268099749822e-31
0.0,0.0,1.0
9.29766562483349e-35,0.9999999999999982,1.2109693949910503e-15
1.8926212734910093e-05,0.9999810737787256,8.53951406939771e-12
1.7104838241962995e-12,0.9999999999982876,1.7290834506458996e-15
1.5057451988545275e-10,0.9999999998494253,1.4219635975113917e-16
0.9999999239596626,1.8380817567937735e-30,7.60403383313057e-08
5.041446931191627e-36,1.0,1.5324927907265027e-48
4.6801627792573105e-14,0.999998052939791,1.9470601613358348e-06
0.0019829913609352556,0.9980170085877205,5.1345184544090166e-11
3.245808292107871e-15,1.871991314717538e-35,0.9999999999999964
5.734363116080605e-05,0.9999426563688397,1.7300709111120287e-20
0.00012131663912310995,0.9998786833608778,7.125434271468835e-25
0.0001451552365481186,1.3067034161430524e-39,0.9998548447634508
1.0,3.2431251352363148e-34,1.5703894115423163e-32
0.0,0.0,1.0
8.346972432065788e-15,0.9999999999990141,9.770862323163211e-13
3.117478543987663e-278,7.347663539635592e-49,1.0
0.9999999668831029,5.711836022225592e-22,3.311689627034621e-08
4.925397113078748e-20,0.9999999999988933,1.1072437362401207e-12
1.277714484556515e-37,2.642337553824396e-142,1.0
3.7444470055657986e-07,0.9999996255439471,1.1351682510527626e-11
1.0,6.432677824038508e-46,1.6040469825985116e-58
1.0,4.2849592103792055e-40,2.4993694365140712e-83
0.00029732613551676176,0.9997026738644836,1.3582425521071458e-60
4.0019428511947064e-178,6.140599243850057e-40,1.0
1.0,2.382368063939405e-23,3.6288483717241174e-78
8.796596195422402e-10,0.999999999100277,2.0064274010127355e-11
0.0001546367968715705,0.9998453632031291,3.1479152616012686e-55
1.0,2.5269952233833e-42,1.2664532798509623e-103
2.536920177510049e-15,6.848992989808055e-42,0.9999999999999964
6.651374469700132e-306,1.1258551219685147e-79,1.0
1.5694414129434678e-262,3.5285268412240285e-42,1.0
1.6518790307060838e-07,0.999999834812097,8.040501292400226e-56
4.6044067250983836e-05,0.9999539559327496,1.0554811548780795e-37
0.0004214574160423029,2.0130874331015248e-15,0.9995785425839543
1.7655287254805365e-07,0.9999998234471223,5.204156475853766e-15
0.0,4.539024451476408e-300,1.0
1.350136272167533e-08,0.9999999864986365,4.012360783947029e-28
5.432712153863815e-06,0.9999945672878453,1.2886135648207836e-44
1.0025760623732424e-20,0.9999999999999964,3.5405392196616286e-15
5.670459020723798e-14,0.9999974672945903,2.532705352915949e-06
3.294686666537922e-10,0.999999999670532,1.579418720847832e-57
0.9999999999999627,3.656571211419865e-14,3.682593520242475e-52
0.999999999999762,2.3823474304530694e-13,2.5807317522172993e-40
0.004261148926173073,0.9957388510738269,4.067761958436004e-24
0.0,4.2810962320839044e-278,1.0
4.590728360483447e-16,7.781177165062396e-38,1.0
5.257447158440797e-15,0.9971572265830237,0.002842773416971527
3.0010393094669236e-07,0.9999996998960696,2.8527570679110115e-54
1.4957624018105856e-155,2.1104482400468435e-29,1.0
0.9999999818907065,6.426920060264046e-40,1.8109293015189075e-08
2.360708725857067e-19,0.999999999999007,9.926602632021108e-13
1.0,5.300360380820603e-68,1.1309551354483015e-25
3.7503292924463953e-28,0.9997571810622262,0.0002428189377730488
1.9972921557037712e-07,0.9999998002707842,2.6880311047566717e-58
1.0,2.405576131993005e-38,1.242007411928426e-32
1.621824868278265e-07,0.9999998378175128,2.9352037937625875e-24
0.00013810724161015582,0.9998617204202124,1.7233817757062717e-07
0.9999998613740598,1.5336747388921028e-19,1.3862593994132744e-07
2.751320222555622e-06,0.9999972486797771,7.631326877204507e-16
8.44951541779443e-05,0.9999155048458224,2.7558016774051575e-24
8.793819209176103e-14,0.9999998438410509,1.561588603414334e-07
5.479029744557948e-11,0.99999999994521,1.2208272313109658e-36
1.0249647139457309e-06,0.9999989749169358,1.1835050363909403e-10
0.4833365101957644,0.5166634898042355,8.29647455962259e-24
3.478384356218529e-05,0.9999652161564326,4.667662685055765e-15
0.0,0.0,1.0
1.0,3.8722864993502244e-37,1.36560574473431e-26
4.944538149015725e-06,0.9999950554618515,7.348462069731943e-25
9.07181106601943e-08,0.9999999092818902,6.854751102048409e-82
6.616630763364132e-10,0.9999999993383373,1.944974503749739e-27
9.451491028078556e-15,0.9999997444745634,2.5552542679708007e-07
0.0018376911980960782,0.9981623088019038,4.165647902977614e-105
1.0,7.00048238517696e-144,8.857704425258148e-27
1.0,4.289673472187552e-76,1.5653422057078266e-27
1.8321887624763677e-08,0.9999999816781122,3.5151826685991044e-130
0.9999999999999982,2.618227119228955e-15,1.1474567968875729e-38
2.5516090700826024e-147,3.8980499305862454e-35,1.0
6.61134464463053e-216,6.062757855616089e-69,1.0
0.0010771931467670485,0.9989228068532324,1.5469716671301928e-22
0.9999995152714016,9.010873559822599e-13,4.847276965347284e-07
3.602126487224722e-08,0.9999999639787347,5.812045440097705e-39
0.9999998855447293,1.227460558439416e-41,1.1445527110982872e-07
6.401481206378949e-22,6.491459706964053e-17,1.0
0.0013103037144727165,1.4786262360191678e-295,0.9986896962855261
1.8132687217936286e-10,0.999999999818673,3.248961460411736e-27
0.9999999998670379,3.482508622019513e-166,1.3296267222752382e-10
0.9999999999998188,1.8110196667436863e-13,1.4843210433886057e-53
4.209051989629896e-05,0.9999579094800211,8.262766807173796e-14
9.030604457395436e-05,0.9999096939554267,5.2529122608155085e-20
0.9999999999701856,6.232753318289239e-15,2.980780998945982e-11
2.51377641660451e-06,0.999997486223584,5.03435490509436e-65
0.011359570565743575,0.988640429434256,6.978082521401447e-21
2.915202057103241e-60,2.7995941232653314e-38,1.0
1.0,4.259595218782973e-21,2.28835432566252e-43
0.9999999999999609,7.576555314908279e-47,3.951105602664218e-14
1.0,6.227451935202974e-34,3.5925369193308984e-16
0.9999999998323048,6.465460975105377e-146,1.6769449775630687e-10
3.828047269000395e-09,0.9999999961719528,2.909368841442857e-25
9.04052384488882e-08,0.9999999095947617,1.923561179615372e-41
6.065570594213561e-07,0.9999993934429404,1.663809881071468e-55
9.14091490361906e-10,0.9999999990859045,4.945826725615316e-15
0.9999999999997122,1.692813800425853e-54,2.8748570776277704e-13
0.9999999999791633,2.083644262747035e-11,2.7600770279862376e-17
0.00010894350450386649,0.9998910564954964,6.839206515820004e-67
7.405109133440868e-10,0.999999999120968,1.3852175521909648e-10
1.0,5.198689915400989e-18,2.2312089218157833e-39
4.198431681946395e-05,0.9999580156439868,3.9193463090915044e-11
0.9999944326894662,2.2334173601528793e-22,5.567310532635001e-06
1.7616643753801863e-17,1.0,9.432262056394295e-33
0.8956409530518956,0.1043590469481045,4.656843422019159e-76
1.6100832407801957e-08,0.9999999838432282,5.59387256472752e-11
0.9999999999998899,0.0,1.1011762637425147e-13
0.0,7.969988069235175e-70,1.0
0.0001251037882854219,0.9998748962117138,5.408722814810366e-51
0.9999999999985967,0.0,1.4028979440675865e-12
1.0280200035954502e-07,0.9999998971980002,4.344376935550867e-33
0.018333791935207042,0.9816662080647572,3.5158298550681264e-14
1.0,3.2579393832311425e-17,4.623199855572313e-34
1.859649789610865e-20,1.0,6.839358483150075e-37
1.4819231731963917e-23,2.8773842400241454e-16,1.0
1.0,1.0567112838087878e-17,4.519771178006581e-85
3.372926926094404e-07,0.9999996627073067,5.403898575645642e-43
1.0,1.343297307449187e-30,5.351935881077639e-29
2.6786811734359116e-07,0.9999997321318478,3.396403838955987e-14
2.903872333283948e-25,0.9999998112487027,1.8875129846398312e-07
0.9999985525329325,7.549237765822348e-18,1.4474670680689551e-06
2.9701981910827325e-46,0.9469942767131434,0.05300572328685764
0.9997438023529405,7.855646623261855e-56,0.00025619764706011095
0.9999999999999982,1.0232710265057134e-16,2.0953750538302185e-15
2.4482058745876005e-09,0.9999999975517948,1.5778387523832954e-69
1.5961226291993926e-10,0.9999999998403872,7.478250680837872e-90
0.9999567238126917,2.1929719243796744e-55,4.32761873083571e-05
0.0008415342432361927,0.9991584657567643,2.5852788012343923e-28
4.662055059695919e-06,0.9999953379449412,4.580641233687924e-58
7.031191362849696e-14,1.1565741966206829e-21,0.999999999999929
3.532024907135569e-05,0.9999646797509295,1.2733856987989964e-46
1.0,6.185341074821204e-165,8.487203872545657e-16
2.0678752618283837e-22,0.9997743429494778,0.0002256570505226526
0.9999999702300877,4.5218479121634e-58,2.976991202362747e-08
0.9998776766838301,9.053196696765299e-40,0.00012232331617153603
0.0,1.3247327090039846e-167,1.0
1.0644161612453716e-66,4.008276847118979e-06,0.999995991723154
0.9999999999999964,0.0,3.4062231860908824e-15
0.9999999999965681,2.179331259381454e-58,3.4314675914009833e-12
1.591553004486663e-10,0.9999999922703413,7.570503973567655e-09
1.0,3.7657911607984214e-35,2.7771095092620848e-95
0.0006483079382164426,0.9993516920617836,2.4081050366210757e-76
2.1167120147108278e-268,6.332265991672915e-80,1.0
8.351583788344581e-38,7.350912826154833e-143,1.0
9.786425842263068e-10,0.9999999990213571,1.5413231852270507e-32
0.9999999676543828,5.395045045885547e-18,3.2345616968450164e-08
0.0018147879079016408,0.998185211104133,9.879659769161258e-10
0.0,0.0,1.0
4.424936330461036e-05,0.9999538127027308,1.937933964189283e-06
0.19102288806745774,0.808977111932543,3.8654849150636625e-79
2.3278303333829897e-10,0.9999999997672173,2.619390857165499e-91
2.895507550239562e-42,0.02510010747880668,0.9748998925211916
7.37246391538189e-16,0.9999822994715057,1.7700528492916435e-05
0.0006131355217222971,0.9993868644767301,1.5468104212539567e-12
1.0,6.651900056809929e-38,3.330061589310509e-24
8.661954327146415e-30,0.9999999970990583,2.9009415313611763e-09
0.0011144776986344404,0.9988855223013651,1.0835360258519786e-40
0.9999999999301927,6.980904549045047e-11,3.328061061593354e-18
2.6179258372330032e-05,0.9999738207416269,8.118486121269295e-38
1.0,1.5377109502582847e-16,9.59945573687662e-26
5.0395425085024e-12,0.9999999999949516,9.698365960155495e-15
1.0357058371585989e-08,0.9999817145570151,1.8275085925965907e-05
1.0,1.116248859986727e-36,2.4015589921912014e-22
6.285001087703592e-05,0.9999371499891236,4.0475429981905094e-26
0.0,8.91827523208333e-173,1.0
1.4410116533715715e-08,0.999999985564994,2.4889807770511634e-11
0.9999999999989964,1.3344806702076867e-41,1.0042705597963115e-12
0.010348416618080048,0.9896515833819199,3.435660802874657e-16
6.185681164792423e-264,8.010717795553382e-61,1.0
1.0,9.646206769927124e-21,7.336305402371203e-68
2.69748505871102e-06,0.99999730251494,6.0963570969989795e-16
0.0020309454117439104,0.997969054588256,2.4968209925920522e-47
8.86599774274887e-10,0.99999999635547,2.7579297579952595e-09
8.111415291153425e-07,0.9999991888579295,5.418922100823811e-13
0.00202011324541738,0.9979798867545818,2.712979642041394e-17
0.0011521155908654612,2.4061553297235013e-128,0.9988478844091346
1.3922381421306393e-32,1.0,4.1627510613358405e-47
1.0,9.71348562832842e-39,3.364768753644979e-37
0.00895101700458857,0.9910489829907403,4.6705757331746775e-12
0.9999999395578403,1.3470568095987455e-161,6.044216052284761e-08
1.0,7.541195983133529e-37,1.6639976517559302e-57
0.00012025968316916309,0.9998797403168312,3.2145889204973385e-79
0.9999999999972307,4.7278494980710765e-18,2.769954280996561e-12
1.473323612978291e-05,0.99998526676387,6.382524792155245e-29
1.0,4.1039639997847634e-25,1.423757941845532e-43
0.00022019548188173492,0.9997798045181174,5.110861669157248e-26
1.3591803000635431e-114,1.1994398407103958e-69,1.0
5.5702953040768226e-285,8.094633746573145e-189,1.0
2.0676654573451492e-05,0.9999793233454266,4.3377754473585625e-45
9.569838906478634e-07,0.9999990430161101,1.0633418717160688e-31
0.001084281379477426,0.9989157186205232,4.768671751503179e-47
1.6282170465912675e-192,3.124982108410258e-36,1.0
1.718216326624133e-06,0.9999982817836734,2.4563336053788577e-33
4.748293535387711e-06,0.9999952517064661,4.944462742755765e-65
2.7676681854186403e-07,0.9999997232331818,2.119510483428497e-16
3.441765753652894e-24,0.9999999913573632,8.642636115954044e-09
0.017469943936391275,0.9825300560636082,1.1614233445509744e-25
2.9800965945339444e-17,2.0101686563793686e-135,1.0
0.0001271507871415563,0.9998728492128582,2.402465950654692e-16
5.718924313282344e-102,2.2857869967587194e-16,1.0
8.819929014549278e-07,5.062807729797791e-36,0.9999991180070981
4.46560330950245e-08,0.9999999552245448,1.194226183333662e-10
4.453834073273411e-08,1.0441181024714586e-135,0.9999999554616582
0.9999999999999964,2.355953124342354e-15,2.0461767978634967e-54
3.682146915725874e-24,1.0,5.264555001743133e-70
1.3763737854046116e-08,0.9999999769878809,9.248381596846823e-09
0.0,2.626669221359853e-277,1.0
3.61549993880215e-21,1.0,8.685009655200104e-16
3.9276819589986376e-11,0.9999999999602309,4.931275073432324e-13
5.966197801045844e-21,1.0,2.179135430816615e-53
3.141034837350336e-07,0.9999651588832623,3.452701325463823e-05
1.0,4.194743090925246e-25,2.483014412576612e-87
1.0,1.902844034978113e-21,9.718506481216575e-37
1.9766383018003403e-08,3.7111258264886734e-31,0.9999999802336179
0.9999999999999822,3.620001931065051e-39,1.8007037948230615e-14
1.0,9.100468318900841e-20,2.5165097610926654e-41
1.0,2.5593835916486536e-51,7.293956083336166e-75
1.0,3.400583166903169e-162,9.217659412215421e-21
6.575905022134837e-08,0.9999999342270897,1.385910883663121e-11
0.0,1.7298167182061825e-293,1.0
3.0358636487223353e-07,0.9999711629675081,2.853344612653261e-05
8.461158765518841e-160,2.562860747526394e-62,1.0
0.20374892734535247,0.796251072654648,1.721504564310473e-62
0.96849605259547,0.03150394740453107,1.0005384544504071e-64
1.0,4.877404660680243e-40,2.2563453670141778e-43
2.6545972323897513e-06,0.9999973453771097,2.565807755334144e-11
1.4884765687346206e-06,0.9999984871029644,2.442046683507269e-08
0.9999999999874696,3.121497143469136e-38,1.2529892492348177e-11
4.040944932145938e-23,1.0,7.306701271879821e-18
1.2511191891456705e-07,0.9999998642541484,1.0633932080232983e-08
2.9287473927590838e-08,0.9999999707125267,2.4473824309317875e-30
1.0,7.009412172595701e-26,1.3818136180627233e-47
0.0,1.00264353386371e-283,1.0
1.5489364815012794e-10,0.9999607228799203,3.9276965186474596e-05
0.005790071088099239,0.99420992890024,1.1659939670330703e-11
1.0,9.575944534956581e-133,2.4328599682522483e-45
1.0,3.6124441214089925e-32,4.317578917086221e-28
0.009439988169752365,0.9905600118302491,2.1943279804497293e-28
1.7098207374213344e-06,0.9999982901792632,8.744256984406554e-34
1.4298674110715385e-07,0.9999998570132589,4.9227397702273264e-23
0.9999999999999929,1.1055222499236074e-144,6.3471289185875915e-15
0.0,0.0,1.0
4.958765167889996e-07,0.9999995041234836,6.608222665489389e-68
1.4563412812365149e-12,0.9990845989316011,0.0009154010669425541
1.0,1.2327891459466695e-40,7.979864678301029e-23
1.0,6.0019796495127626e-133,2.6238737937780767e-18
1.1065638590559264e-07,0.9999998893436136,3.3649778807166055e-27
1.3451685377683004e-07,0.9999998654831456,1.3151274057541909e-23
0.9999999999963336,1.014990364881428e-32,3.666010634758005e-12
1.0,4.587469469922155e-37,1.7173266838621744e-89
6.666492883638198e-272,8.410436912823336e-69,1.0
0.0007904617368943902,0.9992095382631048,5.5496396425309504e-27
1.0,1.8170300860172978e-51,3.161450617419986e-18
2.7781116171604465e-12,5.234440546324029e-146,0.9999999999972218
2.3891587600109653e-07,0.9999997143487177,4.673540694693277e-08
1.0939035835899746e-14,0.9984565347273571,0.0015434652726334863
1.0,3.1075622668695356e-63,1.2874064059382418e-81
5.530387621454435e-13,0.9999454411986967,5.455880075003243e-05
0.0,7.708925521808123e-237,1.0
6.375925410072154e-08,0.9999999362407463,1.1923118673427661e-50
4.8380084345707055e-08,0.9999999516199155,2.6367890068461157e-33
7.839350325459764e-214,1.0512561312248205e-203,1.0
1.0,1.871527130375851e-61,4.251115822037278e-61
0.9999999969065634,1.2294258936146669e-15,3.09343524722405e-09
3.909133045671111e-06,0.9999960908669548,1.830914782511996e-54
1.0,1.3804430261050178e-130,3.974426807468286e-21
1.0,4.9541945548490436e-42,1.5042346866554578e-30
1.0,4.170191935134906e-48,3.300453838170588e-59
0.00022779326415142388,0.9997722067358384,1.0487850091405376e-14
1.0,4.257031466519996e-34,1.964102799849889e-16
5.072906225715623e-06,0.9999949270937745,1.545988764128691e-28
1.0,2.7644716617952864e-298,1.9148852718884346e-53
1.0,2.259118683235985e-37,2.3184026519924524e-48
1.7872491064320954e-09,0.9999999982127505,4.997493309146144e-31
2.0267721304659208e-05,0.9999790559983516,6.762803436329076e-07
0.9999999999994031,3.2476567732671814e-43,5.965910349947774e-13
1.1984024145092145e-07,0.9995834145603961,0.0004164655993634554
1.0,4.836335052287248e-42,1.0000911847250671e-70
7.992810564382756e-05,0.9999200718943572,1.1133505750252214e-26
3.736261787531199e-12,1.7928992783890737e-10,0.9999999998169748
0.00023403053433220306,0.999765969465667,1.1115891420951762e-46
1.0,2.5599693683748272e-135,4.0060828066462965e-49
5.137464091786894e-29,2.2892941029847664e-17,1.0
1.0,2.1744817622126214e-17,4.8071134903860194e-27
4.101273693662565e-33,0.9983271312145632,0.0016728687854364007
1.4630670044857111e-283,9.526892833510946e-174,1.0
3.4022751136500377e-09,0.9999999955557612,1.0419634572149779e-09
0.9999999999998508,4.1846637912216027e-47,1.4986390815269786e-13
0.9999996927956768,1.622853908372738e-298,3.0720432340263686e-07
1.3740213881958598e-07,0.9999998625978629,2.4203557204685168e-104
7.717678871515663e-06,0.9999922823211279,6.932886736857482e-21
5.148984171814925e-06,0.9999948510158285,6.163844243188011e-21
2.189188994153791e-104,1.2164290612148618e-145,1.0
8.241448794357953e-07,0.99999917585512,3.4918437169424375e-29
0.0,4.3527637888996995e-288,1.0
1.0,5.6943615269904395e-49,5.717513270132144e-79
1.0,4.944394126889019e-146,3.761175948864165e-18
9.199129711210719e-07,0.9999990800870296,5.525645129242742e-107
0.9999999999999751,1.7603750200072763e-41,2.4515496721782743e-14
0.018799377784322658,0.9812006222156764,1.7095047411322216e-16
0.0,0.0,1.0
2.339090592921794e-05,0.9999766090940715,1.4433957643628108e-85
7.655344721174933e-05,0.9999234465527879,3.3831975531994543e-66
0.9999999999985079,1.2896913981212565e-53,1.4921217773228685e-12
1.0,1.402027715370953e-54,1.9828822548100539e-57
1.535403182653532e-10,0.999999990336347,9.510112408087075e-09
3.241972215239861e-08,0.9999999675802785,7.06711525165545e-27
0.029897279971151422,0.9701027200288488,6.943744175033586e-24
1.0922298489814017e-86,4.207328731356359e-15,0.9999999999999964
0.9339377327763825,2.1892316742264166e-140,0.0660622672236189
0.0,9.66339911423953e-97,1.0
0.0,0.0,1.0
1.9905360780787266e-30,0.9983242067032241,0.0016757932967756746
0.013363299224543455,0.9866367007754565,3.7256283737938173e-20
1.9868386121657492e-162,7.981005525601218e-31,1.0
7.229867694022146e-07,0.9999992770132311,2.5559978871606475e-43
5.0932979463418125e-06,0.9999949067020529,1.0028093040300895e-34
0.9999999983745447,1.6254563880250026e-09,2.3900145748980283e-52
9.817645083878753e-06,0.9999901823549163,9.59371601690424e-75
9.95312908605841e-07,0.999999004687092,5.6789973236083e-27
1.0,1.2882667982956677e-222,1.125661075689162e-27
1.0,8.23838576888493e-34,8.433513723516912e-52
0.0007307253783593195,0.9992692746216408,3.5897713421147884e-78
0.0,1.1078807026689204e-102,1.0
8.965815809059172e-07,0.9999991034184199,2.657511455238286e-43
1.7438051776452856e-06,0.9999982561948214,1.3540249140540174e-68
0.00030162001525876057,0.9996983799847412,8.251487978835486e-45
0.011660891752282286,0.9883391082477172,1.3777737020648585e-45
1.9733223134125735e-05,0.9999802667768659,1.001323230550274e-65
0.0017081333058745765,0.9982918666938875,2.375402335220401e-13
1.6277570101668397e-14,0.9983594627747372,0.0016405372252469336
0.0,0.0,1.0
2.920999626445018e-11,0.9999999999707825,7.076040512558746e-15
1.0,1.3783230812625983e-33,1.9084690676273798e-40
1.611137415164846e-07,0.9999998363957313,2.490527066831141e-09
0.005203649295256661,0.9947963507047435,9.232656869631198e-45
9.987390987472347e-122,1.594389857101867e-20,1.0
7.55765719136085e-54,6.715357815415717e-16,1.0
3.0267414279798678e-05,0.9999697325857203,2.5990450456078074e-17
1.7256572185358698e-12,0.9999999999982752,1.1731853490454106e-67
0.01991792835554825,0.9800820716444522,2.412878263552147e-65
5.128351649026229e-07,0.9999994871648354,1.4580056311126644e-26
3.273819598379255e-13,1.7663691899150002e-141,0.9999999999996732
1.0,6.358890332635598e-36,1.2145960033341271e-32
2.2117640720221726e-05,0.9999778823592621,1.7058871790402677e-14
0.9992498497640008,3.358170439653836e-15,0.000750150235995587
2.5308005324577463e-13,0.9999997810206009,2.189791462552087e-07
1.0,2.6725696811781055e-40,6.969963275847687e-96
0.9999996337657211,3.6096501655154495e-39,3.6623427900358547e-07
2.1035826954344114e-05,0.9999789641730461,3.6465474509273035e-56
6.687682938395431e-05,0.9999331223203354,8.502807997145007e-10
0.7780995844227158,0.22190041557728377,5.147447223915261e-42
0.00810928521833521,0.9918907147814335,2.305387340651639e-13
9.259656249227549e-06,0.9999907403437515,1.61565935999267e-19
2.75107189149986e-08,0.9999999724892706,1.0147711552867741e-14
2.8865373489916822e-06,0.9999971134626519,2.5673592541406365e-44
5.721318761667005e-06,0.9999942786812385,4.65318505936175e-56
1.0,5.987435658805721e-63,2.0863487808813303e-65
1.0,9.958615945755126e-44,6.239080456405658e-48
5.029241748652461e-12,0.9999999999949711,1.739266930391096e-26
0.9999714071540504,3.57861537719568e-33,2.8592845948602696e-05
0.0,0.0,1.0
1.8822827754287175e-165,2.776326206456914e-63,1.0
1.5578267903742675e-08,0.9999999844217325,1.7967023968183665e-30
7.194552088208436e-28,0.9785111680709981,0.021488831929003298
7.256109600225396e-05,0.9999274389039974,5.033508703615324e-38
1.7994763845303964e-55,1.1184090662984309e-07,0.9999998881590946
0.0002262133410374412,0.9997737866589631,3.7926702745938863e-78
0.0,0.0,1.0
1.1441964572050144e-12,0.999999999998856,2.737996324337717e-21
3.288771603360645e-14,0.9999999999861711,1.379622799477371e-11
0.9999999999851177,7.793860990560375e-41,1.488174725931604e-11
1.0,2.5883505512799778e-68,8.969294751071136e-22
8.176984928287722e-27,0.9281618230576789,0.07183817694232
1.0,3.857272365366456e-54,9.653427762203463e-88
1.0,4.629751489893573e-34,3.609527886430951e-71
1.6751423629153147e-10,3.5938628627856325e-58,0.999999999832486
2.177233344091545e-06,0.9999978227666558,4.817279851069109e-38
0.0,8.01754918997833e-192,1.0
5.39047747093319e-09,0.9999999946095226,6.11438952116217e-25
0.001656464107928786,0.9983435358920667,4.9168226064023734e-15
1.0,2.1051678996860734e-43,2.28614171578809e-66
1.2938079088051522e-08,1.1105452928973973e-53,0.9999999870619193
6.828546400958301e-06,0.9999931714535819,1.8022629315623206e-14
8.942570262989194e-07,0.9999956220920844,3.483650889059985e-06
4.1466159454567183e-26,2.4881999632756427e-42,1.0
1.0,4.228418957687558e-143,7.528730196074826e-79
4.232183360720196e-08,0.9971112118969022,0.0028887457812642307
1.7783242587317537e-42,0.0001308010147848451,0.9998691989852158
1.1957415228072272e-09,0.9999999988042578,4.380822563377621e-19
0.003865247755718543,1.2231983926503954e-10,0.9961347521219626
1.7254195155421566e-07,0.9999998274580484,8.049290235914853e-45
1.8197668918117518e-07,0.9999998180233108,1.1506994434135875e-49
8.231205466877747e-05,0.9999176879206733,2.4658004673518375e-11
2.1439491353330923e-06,0.9999978529011841,3.1496811822092217e-09
0.9999911505389272,1.2395418665310273e-26,8.849461072826208e-06
3.598803113907353e-16,0.9999995609133294,4.390866697523746e-07
6.171102504669864e-22,1.0,2.4417162759930814e-27
2.3205135409730382e-10,0.9999999986396002,1.1283484013206963e-09
9.814879945606551e-28,0.9999930603694506,6.939630548173589e-06
4.77906899674013e-272,3.4249022566191355e-45,1.0
1.0,7.152927399907977e-17,2.856781516953288e-21
1.7425270462315702e-21,1.0,6.439897718593147e-22
1.540973290995655e-54,9.763987720457422e-49,1.0
0.0007861681487744635,0.9992138318512249,6.260493432159e-39
2.6120028956370747e-20,7.604746290725859e-48,1.0
3.614346696937474e-07,0.9999996385653307,1.6240207720089753e-20
2.0988026905468778e-08,0.9999999790119729,2.890135942661367e-27
0.0,3.894654110487992e-154,1.0
1.921259521807873e-11,0.9999805671610589,1.94328197277144e-05
0.0034437914570227108,0.9965562085429772,2.490804942636591e-34
1.0096963810603092e-12,0.9999961228846337,3.8771143569477575e-06
0.9999944185433907,9.515983846165076e-66,5.581456609984969e-06
4.2671868130990116e-08,0.9999999573281313,2.2198572271616816e-20
0.00011352551924283343,0.9998864744807575,1.2990742269776106e-29
1.4963043435571691e-117,1.2792852590990944e-20,1.0
7.703046242089452e-14,0.9925902324965249,0.007409767503398409
0.9999999999939213,6.0774379897755816e-12,2.92531350265417e-59
1.5750276839971763e-46,1.2979237258966754e-08,0.9999999870207611
0.978489446157977,1.932935546348946e-211,0.02151055384202153
0.9999999999999982,1.1034598175134726e-15,6.78115267104982e-70
2.7755206006517563e-18,0.9983810327076589,0.001618967292341132
2.895885708585346e-06,0.9999971041142919,2.2875899654406323e-26
1.666103051538493e-05,0.9999832338303327,1.0513915106743334e-07
0.0038996005309124126,0.9961003994690873,7.474326320048195e-61
0.0,0.0,1.0
1.0,2.6149740731538716e-19,1.089821769208932e-113
1.091855849475775e-05,0.9999890814415058,6.405064736972648e-57
2.5652282497069755e-44,2.025042067182966e-41,1.0
1.0,7.524605960680213e-20,3.2904974357974076e-36
0.0006262372708424213,0.9993737627291511,5.918928758716911e-15
1.2526113806093522e-06,0.9999987473886194,6.412673773837567e-32
3.614779299254595e-08,0.9999999638522066,5.948136946790466e-32
2.419113840626617e-08,0.9999999758088624,8.428003385411917e-23
0.0,7.731593374207698e-95,1.0
1.2505536839544017e-05,0.9999874944631607,7.654326105108233e-101
2.7875830080009574e-08,0.9999999721241708,1.56370146064596e-26
1.7554543590936776e-45,5.06265168657086e-43,1.0
1.0,2.462124258959869e-36,1.3294089349812821e-27
5.3197799736729116e-275,1.5116810508496774e-48,1.0
4.526054721576307e-25,0.015204508153363503,0.9847954918466383
0.0,9.060837472669925e-134,1.0
8.982645324241534e-07,0.9999991017354672,5.906942084838932e-43
1.0,1.0657513817777925e-42,4.316586704301378e-20
9.387231986879234e-05,0.9999061276801311,5.680221372770541e-30
4.3215062945968327e-07,0.9999995678493693,1.0929907460193545e-15
1.0,3.064154271105667e-125,5.4309382962521525e-68
5.136672408135118e-06,0.9999948633275915,2.2368759146287824e-21
1.0,2.7803460693093316e-42,2.129833958898127e-28
0.9999999915712259,1.155277866845391e-13,8.428659446708147e-09
6.793365974617817e-13,0.9999999999993214,2.5466465939549355e-16
0.00014550750351318377,0.9998544924964862,2.452711344875511e-44
1.0,2.553392025542826e-25,9.930796094960311e-33
1.0,1.7084126097175531e-46,3.050239519714246e-18
0.9999999999966764,1.1836119404015614e-36,3.323218682951447e-12
4.271211372371712e-06,0.999995728788628,1.0818740133363269e-31
0.0,5.6969872102608624e-288,1.0
1.0552850831638684e-11,0.9999999997561329,2.33313567459606e-10
0.00043633099710134584,0.9995636690028983,4.314786573578039e-31
7.298420144509474e-17,1.0,1.2773961705009112e-65
1.0,5.810469088701678e-57,7.193800762795869e-41
3.534722999100352e-289,1.777799465914937e-72,1.0
1.8160692923803613e-12,1.3176275874710486e-25,0.9999999999981846
1.0,4.8266393532945726e-39,1.2229177481730564e-28
8.036882034965394e-05,0.9999196311796505,1.2073423824923612e-19
0.0006000806554570722,0.9993985667849894,1.3525595533261751e-06
2.688344423822567e-07,0.9999997311655578,1.7903351282521395e-78
1.0,2.318916623431431e-134,1.125526811236043e-26
0.00014401330087778394,0.9998559866991225,1.7694319204290063e-36
7.997133737019077e-06,0.9999712782122834,2.0724653979526386e-05
0.0,0.0,1.0
2.194211057409765e-75,3.536951396765725e-11,0.9999999999646292
0.03207306090277416,0.9679269390972267,2.8349255315184256e-23
1.9331766946441408e-50,0.9127785189626835,0.08722148103731633
0.0001382035417666821,0.9998617964582338,1.3651931466357302e-20
5.286389892351484e-133,2.805947312658023e-149,1.0
0.003621596773254441,0.9963784032267451,1.73441090578607e-53
2.533501288422706e-191,5.795803801162446e-64,1.0
1.63715716385932e-236,0.0,1.0
0.0,0.0,1.0
0.9999999999995897,1.924036590665371e-52,4.099028588208587e-13
2.535540980076213e-39,4.75022907275649e-05,0.9999524977092721
1.0,2.641555454853519e-143,1.650038679413475e-37
6.183676493126925e-07,3.7433184645788745e-45,0.9999993816323525
5.014992880937842e-08,0.9999999498500708,4.100877440801159e-58
3.7910917156033554e-28,0.9985530554335009,0.0014469445664976942
0.00010544460038166587,0.999890386110262,4.169289356525336e-06
3.291286652729879e-21,1.0,1.4024527532582713e-61
0.999999999959563,4.043680491005325e-11,1.128209634475061e-15
1.384802246004123e-07,0.9999998614938039,2.5971631629533095e-11
0.0,0.0,1.0
9.282630143347642e-08,0.9999999071736995,8.438143084899358e-23
0.00022699047804672844,0.999773009521953,1.891445098502755e-74
7.604692909808436e-08,0.9999999239530706,1.928179582388676e-36
1.0,4.0513958315941994e-49,5.275607020261146e-35
4.4651259101891665e-87,1.6413242379144797e-07,0.999999835867576
5.723765238522189e-06,0.9999942762347614,2.268489260611697e-108
0.0,0.0,1.0
3.627872325236889e-108,1.6327103867067694e-62,1.0
0.9999999997153388,1.951636804597822e-20,2.846629983742939e-10
0.0,9.733795973737579e-241,1.0
1.0,5.946883937558689e-40,1.8817500900816216e-37
0.9999999541029371,1.9159723584810562e-49,4.589706297233858e-08
1.0,2.7999835120927574e-24,2.5370720916238356e-18
1.7372724816475018e-12,6.5765157888082025e-18,0.9999999999982627
1.5225150810414353e-11,0.9999999999847748,3.1196311912102178e-30
1.2856570766592535e-53,0.000546867434519592,0.9994531325654817
9.277087547819215e-18,0.9997261754806174,0.0002738245193811241
1.2765512460690227e-22,0.998734881619657,0.0012651183803428162
1.0,5.624153205043867e-42,1.3780667907544945e-17
1.0,1.61484378547111e-39,1.8389247652639777e-24
1.497290010685984e-20,1.0,9.678339486351359e-44
1.0,4.971155702123127e-31,3.2003157847307776e-36
1.070508890369002e-149,3.6737025319192066e-28,1.0
1.1089760661693965e-22,0.999845509366227,0.00015449063377131626
4.029289211976043e-30,2.638808118994196e-225,1.0
0.9999999919187772,1.529711441985444e-36,8.081223294816858e-09
4.7984121811572677e-91,6.427653746895441e-54,1.0
0.9999999999999964,1.1639537396313118e-38,4.4612159970698175e-15
0.9999999996885514,2.6982063165044445e-57,3.114480752254523e-10
1.2706676192452434e-166,2.2487149715722638e-54,1.0
4.982350336392159e-12,0.9999905037753242,9.496219692644241e-06
2.09516375294624e-24,1.0,2.0280845480766367e-24
2.1936252263761613e-207,5.369763052003765e-60,1.0
1.0,8.183326781226315e-47,4.149661503758716e-43
9.976682302878065e-05,0.9999002331769709,3.2958702627267405e-34
0.9999999999934879,6.513179670105488e-12,5.32214474554151e-52
2.1425490474443386e-08,0.9999999785745095,1.4852994504388147e-23
0.0,4.090067596214789e-164,1.0
3.33002664522553e-289,6.755748369110051e-102,1.0
6.951257031191153e-10,0.9999999993048743,2.004730931109764e-34
0.9999999945086415,5.6384811761675205e-40,5.491357937178752e-09
6.930317381622756e-06,0.9999930696826189,2.4069242868167829e-63
0.9999776590027308,5.442180417597895e-61,2.234099726852597e-05
0.9999999999574918,4.2508695841418116e-11,9.125456394419304e-21
2.796461320123352e-06,0.99999720353868,2.860778528606003e-33
0.00044211446919910564,0.9995578855308008,1.6998687371341445e-29
0.9997152030415748,1.3118489241824407e-43,0.00028479695842518744
0.0011583549285201524,0.9988416450714794,3.086809204397783e-16
0.0,0.0,1.0
0.00022049710045572428,0.999735652928987,4.384997055601785e-05
9.977799183237808e-14,0.999971633487099,2.836651280142966e-05
2.1927637323610807e-10,0.999999999780723,2.36147792871269e-38
9.09474799411679e-06,0.9999909052520056,9.642936589461781e-27
5.1268576680094775e-09,0.9999984121686557,1.582704487314761e-06
0.00047809857483287226,0.9995219014251673,1.872855703757758e-26
0.0,0.0,1.0
3.578310739418796e-06,0.999996421689261,1.2482210199702383e-76
0.9999999999999591,4.12247724963876e-14,1.57672263575401e-73
0.9999999998238422,2.584809294804777e-134,1.761566271650081e-10
3.5222764062103764e-05,0.9999647772359385,1.7397537113089795e-45
1.0,4.9685899403518433e-216,1.2724644569712901e-54
2.428117285912542e-08,0.9999999757188277,3.915282946568864e-29
1.2669325234636538e-11,0.12058889360289775,0.879411106384433
0.006609519756624905,0.993390480243375,1.5332222840527564e-73
0.0009512133595198712,0.99904878664048,4.0923512709831536e-27
9.210533055223715e-06,0.9999907894669451,8.088326796315585e-70
0.0,0.0,1.0
7.074917820856064e-05,0.9999292508217904,1.340342324041693e-16
3.945370341087097e-06,0.9999960546296592,1.9123488621698113e-35
1.0,0.0,7.706334373672349e-62
1.0,1.5299708195563707e-41,1.372127726205155e-34
0.9993031099833385,2.7105849927115694e-130,0.0006968900166631007
1.8510754648710563e-07,0.999999814892454,5.83862412444551e-22
0.999999824556045,4.2826083237052085e-160,1.7544395597643122e-07
4.386635840131471e-06,0.9999956133641602,3.669273714822235e-53
0.0,7.003319667369334e-140,1.0
0.0,0.0,1.0
1.0,4.560652428217221e-17,1.1612141560346211e-30
0.000209291508734592,0.9997907084912663,4.226355611036762e-78
0.0006241274203067768,0.9993758725796928,3.076540071950867e-16
4.706511955477738e-16,0.9985467892845822,0.0014532107154166455
0.00015773436555550753,0.9998422656344444,4.863059351167147e-19
4.936270534726713e-06,0.9999950637294658,1.0311202948973634e-67
1.0487878448867673e-07,0.9999998951212155,1.0592384606761006e-58
2.1179911488993363e-06,0.999997875617043,6.391807804069265e-09
4.57941902044801e-58,3.4616091133201674e-11,0.9999999999653824
1.0,4.25370323912864e-158,5.704900798724823e-72
1.0,1.28711401266784e-19,1.802152926389404e-81
0.9999999983086063,2.3445779678428632e-36,1.6913937691537625e-09
9.720197182873938e-151,1.6880790574282973e-81,1.0
0.0001958746821440013,0.9998041253178561,1.9675173756405746e-30
0.0,0.0,1.0
6.0927465691243295e-25,0.9998848427728182,0.00011515722718179797
1.0,5.893995426016476e-45,5.830617750144958e-77
0.0,0.0,1.0
1.0,5.711034726869318e-36,9.23537396765931e-73
0.722715168831299,0.27728483116870095,5.681917155514994e-66
0.00040995601314367685,0.9995900439387322,4.812431537661187e-11
0.9933224690795283,0.0066775309204727806,1.6522142649985358e-52
0.0,0.0,1.0
0.9999999993005666,8.176507523207488e-35,6.994320779631258e-10
1.0,1.2859052652401814e-43,6.848694079867805e-62
1.0,1.1858308166506732e-163,2.164273423385108e-28
0.0,0.0,1.0
3.896655446546131e-05,0.9999610334455343,6.601983997700333e-38
4.3221750761652823e-07,0.999999567782493,1.864523370550057e-41
1.0,5.3469676524303595e-65,4.190065934938637e-85
0.01270776909975256,1.7816113516475185e-132,0.9872922309002484
9.081418804548924e-06,0.9999909185811795,1.5497097879001058e-14
0.0,0.0,1.0
8.133328748210342e-05,0.9999186667125175,4.2472952419077013e-78
0.0,0.0,1.0
1.6334773085943978e-33,1.0,1.8246007432684656e-68
0.9999358588891999,2.283564032414635e-69,6.414111079969426e-05
0.0001401963108363948,6.451990037023853e-50,0.9998598036891646
0.0,0.0,1.0
0.9999999999999876,1.1162078450785242e-134,1.1767064935055686e-14
1.0,1.725619051619615e-20,1.0158617395853144e-45
1.0,4.3349198298396855e-301,9.11512353721505e-46
0.9999999999999964,1.9708380142760267e-130,3.578712948405534e-15
0.0007807442396148565,0.9992192557603148,7.060048319559117e-14
1.2545396595071988e-37,0.09951243932161398,0.9004875606783859
6.866318030319703e-226,0.0,1.0
6.04165634933609e-07,0.9999993958343647,8.730809745587924e-62
1.6929360199420559e-06,0.9999983070627353,1.244729894814953e-12
0.00013125858296421402,0.9998687414170353,7.543703294507764e-59
0.0034790339057571428,0.9965209660942259,1.694726807019438e-14
1.0,4.1674125343847454e-39,6.400685835701597e-53
5.461991983955221e-23,0.999999990294203,9.705796351942443e-09
8.932302280853575e-09,0.9999999910675363,1.6144267784073456e-13
1.4210230664598092e-18,0.9999980545804986,1.945419501380183e-06
0.0010823581566072192,0.9989176418433936,1.2913379456083725e-100
9.713262005181282e-06,0.9999902763084089,1.042958569767846e-08
1.0,1.969653129801045e-43,5.2823408615296126e-20
0.0,1.2744395869565076e-164,1.0
3.0503353650941275e-07,0.9999996949664641,1.200332617389566e-28
3.1268570099158327e-06,0.9999968731429655,2.4948178797674504e-14
3.027657940991826e-17,4.908209853344927e-53,1.0
1.6418004544311597e-05,0.999983581995456,6.632114327222416e-20
1.0,4.521201330348885e-16,1.0026798597082511e-21
0.0004092965004616885,0.9995907034995392,2.716490741539244e-76
2.7762127139888904e-05,0.9999722378728603,1.325134527750082e-100
9.581172538932333e-07,0.9999990418827458,5.623618385625161e-32
5.618876049374239e-23,5.102610800686406e-13,0.9999999999994884
1.0,4.691552870662742e-38,6.455669032521478e-53
6.92925414514527e-35,0.005868248031586045,0.9941317519684131
0.9886059870186991,6.945564311737192e-12,0.011394012974354377
0.00030685261748916883,0.9996931473825116,6.0549591079662336e-30
0.0011774027660869343,0.9988225972339136,5.670468259229507e-17
5.687747034318399e-11,0.9999661616037488,3.383833937354008e-05
1.9090155713344992e-22,0.9999631242550373,3.6875744963612745e-05
1.4141848125006948e-07,0.9999998585815189,2.851405035400055e-97
9.150876281259082e-09,0.9999999908491244,4.7160331351584726e-48
2.153329833534562e-06,0.9999978466700716,9.611444306578398e-14
3.036974594340463e-08,0.9999999518323748,1.7797879640589458e-08
1.529465029927295e-07,0.9999998464967572,5.567393593499433e-10
9.93969945352394e-07,9.368166955859241e-40,0.9999990060300555
0.00065879668915498,0.9993412033108457,2.092249069585929e-31
0.0,6.61917764548131e-64,1.0
1.0,2.710653476488961e-26,2.209913594899937e-21
1.0,7.090333885254979e-37,2.528066580878939e-34
2.086041887138129e-05,0.9999791395811277,1.4253681639131776e-37
0.0002849150778455429,0.9997150849221548,1.290247375568213e-70
4.1410764825421287e-16,0.9999999602476856,3.975231370770683e-08
1.8921215180488137e-23,1.0,3.373895337660743e-28
3.2028097033969504e-08,0.9998557666131553,0.00014420135874687135
2.377314273700623e-05,0.9999762268572631,2.592329261525299e-82
3.9690135470947183e-35,1.0,3.7467229709964054e-37
7.54520897225226e-13,1.0222903311054603e-145,0.9999999999992468
1.8129849932508683e-163,7.377779910273407e-26,1.0
0.002179510906313436,0.9978204890936664,1.9477126919440492e-14
2.0046209156602555e-23,0.9999999999994262,5.740164509681569e-13
1.190404237643183e-06,0.9999988095953201,4.4164555124995295e-13
1.0,4.969762013745669e-38,8.196778883439475e-38
5.5290955951064095e-09,0.9999999944709046,4.585186546839285e-46
1.0,2.440138017850119e-40,6.2173772887393225e-18
0.0010883979712046957,0.9989116020287954,2.0149455183734256e-30
0.9999999999999982,3.36821873968518e-16,1.6362045035386547e-15
0.00029825116272511905,0.9997017488372748,1.0563750413191996e-78
5.023255057703148e-214,7.09161474629238e-46,1.0
1.960343716080891e-06,0.9999980375840618,2.072222646657463e-09
0.9999999999897486,2.7714647628841094e-40,1.025127727438614e-11
0.0001063721510585007,0.9998936278489409,2.5395310398278333e-32
6.576677338505204e-25,1.0,2.1765397930052691e-57
8.242176962887366e-43,0.00011662240929026449,0.9998833775907107
1.0417309902012021e-09,0.9999999989582697,8.359186525603304e-31
0.9999999980038314,1.0560471639820722e-33,1.9961683024297165e-09
1.626599971839143e-06,0.9999983734000284,6.316651774418431e-100
0.0008051534052428703,0.999194846594757,1.3301121911738664e-79
1.7064145303521054e-05,0.9999829358546966,2.169314685307117e-25
3.998749865389017e-08,0.9999999600125012,1.950768261853379e-20
2.5026428388067343e-259,5.853009239499385e-48,1.0
1.0,2.8242454085306397e-22,3.0111126039952017e-38
0.9999835016120454,1.3957442120208214e-63,1.6498387954823628e-05
4.011244608147008e-08,0.9999999598875541,3.4699576561100665e-20
0.0243685604265026,0.9756314395734978,8.390060983702141e-59
2.87161836109344e-32,0.9999999999720455,2.7954076456300564e-11
6.875014098800481e-08,0.9999991994365434,7.318133153473403e-07
1.0,4.334125331317914e-39,2.969412216484556e-20
8.467955234135287e-07,0.9999991532044771,9.108734202153123e-19
1.0,7.3109251756676655e-40,2.791511535719692e-76
1.0,4.0058261474659596e-55,4.917583320588713e-34
0.9999999999997033,1.5290780446705372e-40,2.966176239635334e-13
0.9999999876433422,0.0,1.2356657833687714e-08
2.2387495778909337e-12,0.9999999999977618,6.965758316203446e-58
5.526244743641005e-09,0.9999999944737556,8.678124571472762e-32
1.2687601689126823e-81,1.6139609032628472e-14,0.9999999999999822
0.001840346441792514,0.9981596535582069,2.4432894764461994e-44
0.0,1.4482777825742402e-164,1.0
1.0,5.5754006783717e-37,2.748306780431148e-63
1.0,1.8077855815126356e-43,9.406829711243216e-53
1.0,2.05386014816672e-21,3.919511760385208e-59
1.0,2.476643520800252e-45,4.766733332453653e-16
1.0,2.8696851239739528e-30,2.5150660410585622e-22
0.0010844669234931035,0.9989155330765075,2.413158452373735e-81
2.7512303982984047e-08,0.9999989951897351,9.772979607285273e-07
2.1694363248623943e-58,2.3761765634672903e-20,1.0
1.0,2.1076493804889058e-33,2.87304347878119e-21
3.665710126207513e-20,0.9999999897341141,1.0265886271431762e-08
4.480052180674938e-07,0.9999995519947822,1.4572397549854333e-81
1.2224702730781892e-05,0.9998792850816547,0.0001084902156152933
0.002467660348408679,0.9975323396513117,2.7978445383771005e-13
3.0989340831920663e-16,0.999999998853287,1.1467139370644454e-09
1.0,1.0675820613416662e-50,3.218050613435608e-43
5.382457110111142e-06,0.99999461754289,1.1097663360683422e-30
1.0,1.0271021973683626e-25,1.1428114533047206e-43
3.384693904027574e-09,0.9996955252713869,0.00030447134391893793
2.2640287942897264e-11,0.9999999999773603,9.144529279504916e-37
2.2753915876555446e-269,8.858388826923717e-42,1.0
1.3806158369809311e-21,0.9999999999999911,8.815221989595796e-15
0.0017903098639298304,0.9982096901360701,2.500100950116852e-59
3.5535384411080735e-07,0.9999995784142683,6.623188697992563e-08
0.0,0.0,1.0
0.00015072136293031122,0.9998492786370695,9.10219554842484e-21
6.7345055255123875e-09,0.9999999932654937,1.490677515636194e-53
1.0,0.0,1.1097152781856912e-90
3.180372200431371e-35,9.041575295731047e-05,0.9999095842470442
1.2378309865299874e-09,0.9999999987616395,5.298370160845587e-13
0.0012023122511708065,0.99879768774883,9.257731862050803e-25
0.999999999366814,4.244603732039212e-58,6.331858197592354e-10
1.0,4.426530996305314e-39,1.1636125754589484e-89
0.0,2.0547333733407117e-208,1.0
7.988382494202981e-06,0.9999920116175062,9.652187195924475e-60
0.1285920797058394,0.8714079202865321,7.628045187635157e-12
3.860246579965568e-07,0.9999996139753317,1.0953784472371102e-14
5.014107803233994e-06,0.9999949858921949,3.1439574678989474e-15
0.9999999999999325,1.1603023643658178e-41,6.803482577862448e-14
1.1175062473403602e-63,0.0,1.0
1.0,1.525620097959737e-76,9.763603809585934e-19
2.206510645008832e-06,0.9999977934893555,2.8799636570628804e-65
0.0003809672067580577,0.9996190327932416,2.6783991736504115e-43
0.0,0.0,1.0
7.679316124498395e-18,4.632505352775962e-75,1.0
1.0,1.0579186409759224e-33,3.1217409124835987e-18
2.5272868038417935e-07,0.9999997472713194,1.1570144283763931e-24
1.0,3.038319318624856e-25,4.95378831717408e-28
0.0,0.0,1.0
0.0,4.2467960680070814e-113,1.0
0.9999999872726343,1.9988482602257758e-160,1.2727365609603403e-08
1.2237129805512284e-17,1.0,6.129678532402662e-16
2.84976693781995e-54,7.921340123105606e-77,1.0
4.1316532160615645e-05,0.9999586834678396,2.1547446340273875e-57
0.00044540342000766426,0.9995545965799921,4.8575596384804993e-57
0.01345542732212933,0.9865445726778699,2.0681956836933238e-46
0.0013809480662321364,0.9986190519336269,1.4116565384435515e-13
0.00021324611759570737,0.9997867538824035,8.200248855929687e-23
